Keyword,Intent,Volume,Keyword Difficulty,CPC (USD),lang
how to choose a service company,Informational,260,18,2.10,en
questions to ask before hiring a company,Informational,480,22,1.80,en
how much does consulting cost,Informational,720,27,4.50,en
how to write a project brief,Informational,1300,24,1.20,en
signs of a bad contractor,Informational,590,15,0.90,en
كيف تختار شركة خدمات,Informational,320,9,0.70,ar
أسئلة قبل التعاقد مع شركة,Informational,210,8,0.50,ar
كم سعر الاستشارة,Informational,880,12,1.10,ar
كيف أكتب طلب عرض سعر,Informational,390,10,0.60,ar
علامات الشركة غير الموثوقة,Informational,170,7,0.40,ar
